{"train_loss": 0.835949158668518, "val_loss": 4.155394971370697, "_timestamp": 1716265618.6108813, "_runtime": 203.1820204257965, "_step": 4}